{
  "20": {
    "start": "2023-04-18",
    "lts": "2023-10-24",
    "maintenance": "2024-10-22",
    "end": "2026-04-30",
    "codename": "",
    "alpine-default": "alpine3.17",
    "debian-default": "bullseye",
    "variants": {
      "alpine3.16": [
        "amd64",
        "arm32v6",
        "arm32v7",
        "arm64v8",
        "ppc64le",
        "s390x"
      ],
      "alpine3.17": [
        "amd64",
        "arm32v6",
        "arm32v7",
        "arm64v8",
        "ppc64le",
        "s390x"
      ],
      "bullseye": [
        "amd64",
        "arm32v7",
        "arm64v8",
        "ppc64le",
        "s390x"
      ],
      "bullseye-slim": [
        "amd64",
        "arm32v7",
        "arm64v8",
        "ppc64le",
        "s390x"
      ],
      "buster": [
        "amd64",
        "arm32v7",
        "arm64v8"
      ],
      "buster-slim": [
        "amd64",
        "arm32v7",
        "arm64v8"
      ]
    }
  },
  "19": {
    "start": "2022-10-18",
    "lts": "",
    "maintenance": "2023-04-01",
    "end": "2023-06-01",
    "codename": "",
    "alpine-default": "alpine3.17",
    "debian-default": "bullseye",
    "variants": {
      "alpine3.16": [
        "amd64",
        "arm32v6",
        "arm32v7",
        "arm64v8",
        "ppc64le",
        "s390x"
      ],
      "alpine3.17": [
        "amd64",
        "arm32v6",
        "arm32v7",
        "arm64v8",
        "ppc64le",
        "s390x"
      ],
      "bullseye": [
        "amd64",
        "arm32v7",
        "arm64v8",
        "ppc64le",
        "s390x"
      ],
      "bullseye-slim": [
        "amd64",
        "arm32v7",
        "arm64v8",
        "ppc64le",
        "s390x"
      ],
      "buster": [
        "amd64",
        "arm32v7",
        "arm64v8"
      ],
      "buster-slim": [
        "amd64",
        "arm32v7",
        "arm64v8"
      ]
    }
  },
  "18": {
    "start": "2022-04-19",
    "lts": "2022-10-25",
    "maintenance": "2023-10-18",
    "end": "2025-04-30",
    "codename": "hydrogen",
    "alpine-default": "alpine3.17",
    "debian-default": "bullseye",
    "variants": {
      "alpine3.16": [
        "amd64",
        "arm32v6",
        "arm32v7",
        "arm64v8",
        "ppc64le",
        "s390x"
      ],
      "alpine3.17": [
        "amd64",
        "arm32v6",
        "arm32v7",
        "arm64v8",
        "ppc64le",
        "s390x"
      ],
      "bullseye": [
        "amd64",
        "arm32v7",
        "arm64v8",
        "ppc64le",
        "s390x"
      ],
      "bullseye-slim": [
        "amd64",
        "arm32v7",
        "arm64v8",
        "ppc64le",
        "s390x"
      ],
      "buster": [
        "amd64",
        "arm32v7",
        "arm64v8"
      ],
      "buster-slim": [
        "amd64",
        "arm32v7",
        "arm64v8"
      ]
    }
  },
  "16": {
    "start": "2021-04-20",
    "lts": "2021-10-26",
    "maintenance": "2022-10-18",
    "end": "2024-04-30",
    "codename": "gallium",
    "alpine-default": "alpine3.17",
    "debian-default": "buster",
    "variants": {
      "alpine3.16": [
        "amd64",
        "arm32v6",
        "arm32v7",
        "arm64v8",
        "ppc64le",
        "s390x"
      ],
      "alpine3.17": [
        "amd64",
        "arm32v6",
        "arm32v7",
        "arm64v8",
        "ppc64le",
        "s390x"
      ],
      "bullseye": [
        "amd64",
        "arm32v7",
        "arm64v8",
        "ppc64le",
        "s390x"
      ],
      "bullseye-slim": [
        "amd64",
        "arm32v7",
        "arm64v8",
        "ppc64le",
        "s390x"
      ],
      "buster": [
        "amd64",
        "arm32v7",
        "arm64v8"
      ],
      "buster-slim": [
        "amd64",
        "arm32v7",
        "arm64v8"
      ]
    }
  }
}
